INSERT INTO `app_info` (`id`, `custom_app_id`, `created_time`, `app_name`, `created_by`, `updated_time`, `android_server_key`) VALUES (1, 'GCPMS001', '2020-01-16 15:22:22', 'app-name-1', 0, '2020-03-12 15:17:56', 'AIzaSyDvFNoRTZJfrLnxU50wXbPDqjVBXcpQRa8');
		
INSERT INTO `study_info` (`id`, `custom_id`, `app_info_id`, `name`, `description`, `type`,`created_by`, `created_time`, `updated_time`, `version`) VALUES (1, 'StudyofHealth', 1, 'name', 'description', 'OPEN', 0, '2020-03-12 15:23:41',  '2020-03-12 15:24:42', '3.1'), (2, 'OpenStudy02rr', 1, 'name', 'description', 'OPEN', 0, '2020-03-12 15:23:41',  '2020-03-12 15:24:42', '3.2'), (3, 'StudyofHealthClose', 1, 'name-2', 'description', 'CLOSE', 0, '2020-03-12 15:23:44', '2020-03-12 15:24:45', '3.3'), (4, 'StudyofHealth1', 1, 'name', 'description', 'CLOSE', 0, '2020-03-12 15:23:41',  '2020-03-12 15:24:42', '3.4'), (5, 'OpenStudy02', 1, 'name', 'description', 'CLOSE', 0, '2020-03-12 15:23:41',  '2020-03-12 15:24:42', '3.5');

INSERT INTO `locations` (`id`, `created_time`, `created_by`, `custom_id`, `description`, `is_default`, `name`, `status`) VALUES (2, '2020-03-17 18:59:15', 1, '-customId130.53', 'location-descp-updated', 'N', 'name -1-updated000', '1');
	
INSERT INTO `sites` (`id`, `study_id`, `location_id`, `status`, `target_enrollment`, `name`, `created_time`, `created_by`) VALUES (1, 1, 2, 1, 10, 'test-site', '2020-03-17 20:19:42', 0), (2, 2, 2, 0, 15, 'test-site', '2020-03-12 15:19:38', 0), (3, 2, 2, 1, 45, 'test site', '2020-03-13 15:26:56', 0);

INSERT INTO `user_details` (`id`, `user_id`, `app_info_id`, `email`, `status`, `first_name`, `last_name`, `local_notification_flag`, `remote_notification_flag`,`touch_id`, `use_pass_code`, `verification_time`,  `email_code`, `code_expire_time`) VALUES (44, 'kR2g5m2pJPP0P31-WNFYK8Al7jBP0mJ-cTSFJJHJ4DewuCg', 1, 'cdash936@gmail.com', 2, 'test', 'user', 0, 0,  0, 0, '2020-01-30 20:21:28', '1', '2040-07-22 13:02:10'), (45, 'kR2g5m2pJPP0P31-WNFYK8Al7jBP0mJ-cTSFJJHJ4DewuCj', 1, 'abc@xy', 2, 'test', 'user', 0, 0,  0, 0, '2020-01-30 20:21:28', '123code', '2020-07-22 13:02:10'), (46, 'kR2g5m2pJPP0P31-WNFYK8Al7jBP0mJ-cTSFJJHJ4DewuCh', 1, 'abc@gmail.com', 1, 'test', 'user', 0, 0,  0, 0, '2020-01-30 20:21:28', '123code', '2040-07-22 13:02:10'), (47, 'gnDoLZHKy0j27Eo-ap8cnZnvQvp7kBN-qylvroBJV7IssDk', 1, 'abc1234@gmail.com', 2, 'test', 'user', 0, 0,  0, 0, '2020-01-30 20:21:28', '1', '2030-07-22 13:02:10');
	
INSERT INTO `participant_registry_site` (`id`, `site_id`, `study_info_id`, `email`, `invitation_time`, `onboarding_status`, `enrollment_token`, `enrollment_token_expiry`, `created_time`, `created_by`, `invitation_count`, `enrollment_token_used`) VALUES (30, 1, 1, 'cdash936@gmail.com', '2020-02-07 20:37:25', 'I', 'BSEEMNH6', '2020-02-09 18:42:32', '2020-02-09 18:42:32', 2, 0, 1), (33, 1, 2, 'xyz@gf.com', '2020-02-07 20:38:36', 'E', 'MCE0M600', '2020-02-09 18:42:34', '2020-02-09 18:42:32', 3, 0, 1), (34, 1, 1, 'pqr@gf.com', '2020-02-07 20:38:36', 'D', 'YB0CZICQ', '2020-02-09 18:42:34', '2020-02-09 18:42:32', 3, 0, 1), (35, 1, 1, 'pqgr@gf.com', '2020-02-07 20:38:36', 'D', 'YB0CZICQdww', '2020-02-09 18:42:34', '2020-02-09 18:42:32', 3, 0, 1), (36, 1, 1, 'pqhr@gf.com', '2020-02-07 20:38:36', 'D', '6DL0wfdaPOQF', '2020-02-09 18:42:34', '2020-02-09 18:42:32', 3, 0, 1), (37, 1, 3, 'cdash936@gmail.com', '2020-02-07 20:38:36', 'I', '6DL0POQF', '2020-02-09 18:42:34', '2020-02-09 18:42:32', 3, 0, 0), (38, 1, 3, 'abcd@gf.com', '2020-02-07 20:38:36', 'D', 'MCE0M600e', '2020-02-09 18:42:34', '2020-02-09 18:42:32', 3, 0, 1), (39, 1, 5, 'abcfd@gf.com', '2020-02-07 20:38:36', 'D', '9E3IFFL0', '2020-02-09 18:42:34', '2020-02-09 18:42:32', 3, 0, 1), (40, 1, 5, 'cdash936@gmail.com', '2020-02-07 20:38:36', 'D', '9E3IFfsFL0', '2020-02-09 18:42:34', '2020-02-09 18:42:32', 3, 0, 1);
		
INSERT INTO `participant_study_info` (`id`, `participant_id`, `study_info_id`, `participant_registry_site_id`, `site_id`, `user_details_id`, `status`, `bookmark`, `enrolled_timestamp`, `completion`, `adherence`, `withdrawal_timestamp`) VALUES (101, '1', 1, 30, 1, 44, 'Withdrawn', 1, '2020-02-06 14:07:29', 45, 20, '2020-02-10 14:03:14'), (102, '2', 4, 34, 1, 44, 'Enrolled', 0, '2020-02-06 14:07:31', 50, 36, '2020-02-06 14:07:31'), (103, '3', 3, 37, 1, 44, 'Enrolled', 1, '2020-02-06 14:07:29', 45, 20, '2020-02-10 14:03:14'), (104, '4', 5, 39, 1, 44, 'yetToJoin', 0, '2020-02-06 14:07:31', 50, 36, '2020-02-06 14:07:31');