INSERT INTO `app_info` (`id`, `custom_app_id`, `created_time`, `app_name`, `created_by`, `updated_time`, `ios_certificate`, `ios_certificate_password`, `android_server_key`) VALUES (1, 'GCPMS001', '2020-01-16 15:22:22', 'app-name-1', 0, '2020-03-12 15:17:56', 'MIINAwIBAzCCDMoGCSqGSIb3DQEHAaCCDLsEggy3MIIMszCCBz8GCSqGSIb3DQEHBqCCBzAwggcsAgEAMIIHJQYJKoZIhvcNAQcBMBwGCiqGSIb3DQEMAQYwDgQINPLUfCg0ReoCAggAgIIG+FqbxeeDGNYnIsYpLHGCHLLVriCXRij0xlfbU/5HuOa3LeWrIPPVf/VpdxWcVpdeS34+JNsiRUZYYnxG6k7VQlrcXUEBMYQKwCF33q93DBLVT6XDtG2KxMuoyj3xaPfvvXtYwRBj1HdhOI0bQwJrT3CsOhw2ywbpMZmbv61DGeEqZ87xYaBx4ms75/GIeUI7h1xf4cJJVFRkJMElNbce1sMirPIh40M/YEeJcSp5e9aGg5/OQ3zV3qQW0FNat2ruNt2Td2cca3VPOf7lKVGKpsaTQBxlk7QQloNsD6ecPuEmVT+u0IdFfK0U+nIt45d457mXfb1aH1bgcuxzxbSgKQrvO00RdmGqLt6np82g86e6gPsYkk5i22QAGWFcfXNu+Gpm8u99NVFnPzcjTocol4upatbOuc3Xv/tlmSJgvhM9DLYmDT8LUom/G+xX/qXsmY4InLDmxpFzujjZp4H8XVXo9wmzMEM/wd3DMGOlVUnEF/kcfvucUJTnDUx0IqZpFOYXcWXNk8+wuNIzYOocYfHXp9fVlAZGpm4rkB4u09pbwKTNNE/ZALio7FOcfkm35MAfwLt8lJ4jHeZwshQ8a8uO/iikNp2Lmcqq/Tze8RfgepaJBIeAOyYTJ/ouy35sVftCTcW8DGe7TBQ+2jSyOGgJziQJ+lAz/aL/+o9fMuQ9jhMNLaJPQV5tCsv5g8YJRLSdQzesz7s7rFqZjWdQqTfLRGCpMZ1T2huV+A1LnuJ7bORVeYUtmM+uCM9SIKAbEX8EDk8C8VIPBqdw1nA7fsNQF06wFl0GwyPZQt2FyO9PYQGxeHnwSefzGU9KVlirs0orIY5bx3fTvznvXA2wEsS+bZmj4sY99veSiVkf/nc2fUzA98A6pPgzMaX1g3C/DCWJQJtPbBPpj1HYBE9+VVDDHiZEF4s08HsaZ/+pTb7rlbpxnIL9tA9L7HxKZx197xaeIqYVzvQyC66axdwz7YD9QRFgmaWX/RQ4EKcq0ONpvL22YGs5m4Eob/hQ2q2REQLGvNNb1r463Pt8R/TBdv/7TWEXgKu8idZliRLREzO9RtuWkWEQJ6rRccaSXlbnztqHgY3ZhOmC9+yZvsUPZ6C7iiXBEXfpIdDVoBUv3prQWMkX0xPYjyBded3A94EJBYT4CRaiZKtsyk91I721RSuNW3jawqN3OLhq97tWx+gm0e6tOS8nOkjIXvMrJZocvE3H18711Rj05dautJ6nsrL9RRZKiygJ8pX0fCj360kLyM9LD5IrKu18CTRIC9pDEDyLpehkKNhPGnLUJ2yzSgOC1YHKD3JijZttkwFqHfZPoPVA9X3CUPgxcCeBg4yCl3vsJnfJGXareBPrxF64WvrHz9IkuRRA1cT1VQ+/WxZZJoVI1kVT0+1clPqbvcWkaFB88UJcV5VkogOhWxUj9W8wuppCXaqumeai6/3Rvjm8tloUYuDKIZi67EdJFToVAKeG2b18IGOiAgkjBY0eRqxn9aiZRyGpkrcg81vf3q8kg7KZEbjfDpNFEVxwksca2PozwaBKaCoUkaHsawjsfyRAzwRQxAMAu+wvMLk2mj62lIH66KxwP/aULio1geDBDNR7sV/ktNe0soOWOIonDzPS3n0GjNILoiVeXZwq00GpCwPU1D1aMaRQeMPZPS6onVLlgjZrsJF0tCn/1Mfx3eWzT6vSsL9CLPH1y90J5ep/2XU7IR8DYktGFfQkrRJl1EauVTRx+P6g6pEomD6RR0+BjGXiRxoqhfF+4S5F5PrZihE4rJnj5Syyz6zloY52MTfxYlQvcWLO5LgQ30bVqBhGtJuCEROZg3sERIwNIrBqOOkEwuV9eg3Ars4Ch1huP+OyGLRFwqg5eRG1j+xEVL8LQ82Hh5VsMhtalrCgETH/loBdHiksoYV/Z78dl3wrjdPPzH2vsVm2F2LNw1pNSpz2lqdIToJ2A9Ke5bSNo/Ao66YKd2X/p4ZL3NFAd23ykIgy6cygE3zg+beHmjhQHHjMhG/BGP2bpJBDcxLYj2HnvDECFqux8CVFlql+4+zcbvWV5lsN6V2lVr3BrU4zngVJf0prpffjsV580tGSR9y2s4vcWVP89yHH3h3SCembFjeO6S0vGF5MwBSO9I8zG16rFuspu68U2BXg9rNRtqmLcKzrMhLknHSU1/lIRU4jmjAbVmeedw2e8Ph7y/p33lH4ydmLJO1sS7lDPmpt7V8rsXCavALCtab1wfLOYB5jTNUbbedB8ygRvXRvE2ghkZ43MUTqgtYUcM+fG820slO4W/ztKk4JzluMfbmqXqkx5caE8eOGtYsaRXg5DHLDd6UkIK6Xk3rl/Ox40Afn/wMesxy1iUOa30qCMzhsS/y4XDgTsFj7kznKMIIFbAYJKoZIhvcNAQcBoIIFXQSCBVkwggVVMIIFUQYLKoZIhvcNAQwKAQKgggTuMIIE6jAcBgoqhkiG9w0BDAEDMA4ECA82jCn5I7IgAgIIAASCBMhyPsg0Eq2MhoZ/y8At1fc7lyvvuAJJK6e0diJSdDxPMQDEuRqFe1UseXr3Ap0gp/xwfKwJhLxx+AhO8zxY/6Jv8dFxl09JJbYQZt+HQR+oGVT91DKJ95bnsKwR+7V66q5FE/V0ajeK5mjyWjFN8Ik2fpK6fHpNLq6Dj6zAMg025lb9SBGtoj5fYcRRJGlH3+ljmmnfCHwlcbqHaGi5toPetAoaL9H5WXYsmrzb3EfJhxOYzMM7BXPIZURCAWzhCRldTUNZcnd8gNRWtQi20kn4G8aNAz0Pvxm/xTdm0RwbkXLqS8qjz3zLI7ovH2OcpRCvBVXofDpqFYIvhNotTQ24UNLUU8J3ZhgxKVD1TiKBcNPEaFup6u+LBiDbc6nq/IbCcBYAB9ZUpn/ancAxvep7wVEpTT+aoqxTKTSk/hGNUdFtEhWcAKqMPuwiTXZFz7rprDmEdxKJwjRMFW5vGgc/bLHgLyf5cUz6vE3IqCJwjPldUzJk90QURlhX1WhQZzzCt1yRhx3uThaAEUeKdmNqlrCbyOAjbNJYkXlH0gwl+/J0MOkSuX0DDfc4jqa0zOMl3XHhOarT8v9JjJLuufFTazfaPlrW+HE4t0E06i3S3E5nWozGMIxug+Vhe6Uzbfg/i7rvqdAZnSpwpm/I1dQlTtFHCgtJh/GkMaqIfXxyLy1+PlKQ9I6gyzoJXkgeIaKS/FWyXgyNSKA+/OwyqsD3OrGdNMAQLo1xIx1bxSs+psiVeJvp0OtAhcTJFrSoFokHS9J4LRdAPUzHGvOKccroMOpKoHtRZRTxb+iBhfyGDWwcJpRGvGTBeP0hpp7Xb66gPItICdgv8+Vw+s+QEkKeRvpDUyHoUyYkX6JTaP6HZzoQWBjqbTsumL4T3fQIPlbT65J54DoUT20k+jY5cJetW8SW4qYIwYaIeiSCzBnOJX9ERZVnba9GnV8Sn2WAoOGs9A++2SEMjMLWWFihGiBtYtL0TKiHnQiRdeyJ3MrwRCTntG8WkUAH2zhrDI6F1a82o8kbIWleEU3FCL7cY02lVufd1MsLq5UpFfVkeOFWZrxMkBmgK3nFqWbu00ja2FnD65lyhK7FMEy1tZx44R+zic1PHR6XAgGKiHVrLlk7FSCDlPZJPyN7A4jWfgU6BkU+OY5NFZjpXxMV1WH69SIdEoniZHJLGPff4aIXKPPguAZi+eGsqi9wvGtrGqdvLF0nhO9583HCbOXIyVKgt67VPt3U1M53LKnGjYk/zBZ9hfG3Tnz+8aA761M2j0LeeyjDvII/Zed0WiStnWgolbs0hQiJ6FDAXXmqtVy1FvwsE00Dp1Lj++Mlu+ABFf1W/ECpIjUHIK2of0ob050e2GpkI5N//z0Y+y1ndSGAchESXwOZ0HCs/r3AAM2QWq3K2pUcqT/4YXumV5i5UrL+SbL9QuiQ1AAEeH1LyKe4LzXQo6x+mticJgizT/ZLvicr6QUEO/UVh+fG908AOU0PXRHQoYZTPUkvxPY6kcE8iveM26sUFaXsHpACQJmNGII1l8ui5NexKYsNbZJhCqXtulcPt3G+pRhgcFuy48OT6a+EIFvFSapuFfvOgS8eZcQVnTS1Gbepj//maovF6qt5z+vAT1m+3enKpW4xUDApBgkqhkiG9w0BCRQxHB4aAFQAdQBzAGgAYQByACAASwBhAHQAeQBhAGwwIwYJKoZIhvcNAQkVMRYEFH1AR6iNa1pAw4XSfNA3Vgeok+MsMDAwITAJBgUrDgMCGgUABBSF6ZoGunboUOIqIb/IMp/an0PFmQQIngj2KTsph7ICAQE=', 'btc@1234', 'AIzaSyDvFNoRTZJfrLnxU50wXbPDqjVBXcpQRa8'), (2, 'GCPMS002', '2020-01-16 15:22:22', 'app-name-1', 0, '2020-03-12 15:17:56', 'MIINAwIBAzCCDMoGCSqGSIb3DQEHAaCCDLsEggy3MIIMszCCBz8GCSqGSIb3DQEHBqCCBzAwggcsAgEAMIIHJQYJKoZIhvcNAQcBMBwGCiqGSIb3DQEMAQYwDgQINPLUfCg0ReoCAggAgIIG+FqbxeeDGNYnIsYpLHGCHLLVriCXRij0xlfbU/5HuOa3LeWrIPPVf/VpdxWcVpdeS34+JNsiRUZYYnxG6k7VQlrcXUEBMYQKwCF33q93DBLVT6XDtG2KxMuoyj3xaPfvvXtYwRBj1HdhOI0bQwJrT3CsOhw2ywbpMZmbv61DGeEqZ87xYaBx4ms75/GIeUI7h1xf4cJJVFRkJMElNbce1sMirPIh40M/YEeJcSp5e9aGg5/OQ3zV3qQW0FNat2ruNt2Td2cca3VPOf7lKVGKpsaTQBxlk7QQloNsD6ecPuEmVT+u0IdFfK0U+nIt45d457mXfb1aH1bgcuxzxbSgKQrvO00RdmGqLt6np82g86e6gPsYkk5i22QAGWFcfXNu+Gpm8u99NVFnPzcjTocol4upatbOuc3Xv/tlmSJgvhM9DLYmDT8LUom/G+xX/qXsmY4InLDmxpFzujjZp4H8XVXo9wmzMEM/wd3DMGOlVUnEF/kcfvucUJTnDUx0IqZpFOYXcWXNk8+wuNIzYOocYfHXp9fVlAZGpm4rkB4u09pbwKTNNE/ZALio7FOcfkm35MAfwLt8lJ4jHeZwshQ8a8uO/iikNp2Lmcqq/Tze8RfgepaJBIeAOyYTJ/ouy35sVftCTcW8DGe7TBQ+2jSyOGgJziQJ+lAz/aL/+o9fMuQ9jhMNLaJPQV5tCsv5g8YJRLSdQzesz7s7rFqZjWdQqTfLRGCpMZ1T2huV+A1LnuJ7bORVeYUtmM+uCM9SIKAbEX8EDk8C8VIPBqdw1nA7fsNQF06wFl0GwyPZQt2FyO9PYQGxeHnwSefzGU9KVlirs0orIY5bx3fTvznvXA2wEsS+bZmj4sY99veSiVkf/nc2fUzA98A6pPgzMaX1g3C/DCWJQJtPbBPpj1HYBE9+VVDDHiZEF4s08HsaZ/+pTb7rlbpxnIL9tA9L7HxKZx197xaeIqYVzvQyC66axdwz7YD9QRFgmaWX/RQ4EKcq0ONpvL22YGs5m4Eob/hQ2q2REQLGvNNb1r463Pt8R/TBdv/7TWEXgKu8idZliRLREzO9RtuWkWEQJ6rRccaSXlbnztqHgY3ZhOmC9+yZvsUPZ6C7iiXBEXfpIdDVoBUv3prQWMkX0xPYjyBded3A94EJBYT4CRaiZKtsyk91I721RSuNW3jawqN3OLhq97tWx+gm0e6tOS8nOkjIXvMrJZocvE3H18711Rj05dautJ6nsrL9RRZKiygJ8pX0fCj360kLyM9LD5IrKu18CTRIC9pDEDyLpehkKNhPGnLUJ2yzSgOC1YHKD3JijZttkwFqHfZPoPVA9X3CUPgxcCeBg4yCl3vsJnfJGXareBPrxF64WvrHz9IkuRRA1cT1VQ+/WxZZJoVI1kVT0+1clPqbvcWkaFB88UJcV5VkogOhWxUj9W8wuppCXaqumeai6/3Rvjm8tloUYuDKIZi67EdJFToVAKeG2b18IGOiAgkjBY0eRqxn9aiZRyGpkrcg81vf3q8kg7KZEbjfDpNFEVxwksca2PozwaBKaCoUkaHsawjsfyRAzwRQxAMAu+wvMLk2mj62lIH66KxwP/aULio1geDBDNR7sV/ktNe0soOWOIonDzPS3n0GjNILoiVeXZwq00GpCwPU1D1aMaRQeMPZPS6onVLlgjZrsJF0tCn/1Mfx3eWzT6vSsL9CLPH1y90J5ep/2XU7IR8DYktGFfQkrRJl1EauVTRx+P6g6pEomD6RR0+BjGXiRxoqhfF+4S5F5PrZihE4rJnj5Syyz6zloY52MTfxYlQvcWLO5LgQ30bVqBhGtJuCEROZg3sERIwNIrBqOOkEwuV9eg3Ars4Ch1huP+OyGLRFwqg5eRG1j+xEVL8LQ82Hh5VsMhtalrCgETH/loBdHiksoYV/Z78dl3wrjdPPzH2vsVm2F2LNw1pNSpz2lqdIToJ2A9Ke5bSNo/Ao66YKd2X/p4ZL3NFAd23ykIgy6cygE3zg+beHmjhQHHjMhG/BGP2bpJBDcxLYj2HnvDECFqux8CVFlql+4+zcbvWV5lsN6V2lVr3BrU4zngVJf0prpffjsV580tGSR9y2s4vcWVP89yHH3h3SCembFjeO6S0vGF5MwBSO9I8zG16rFuspu68U2BXg9rNRtqmLcKzrMhLknHSU1/lIRU4jmjAbVmeedw2e8Ph7y/p33lH4ydmLJO1sS7lDPmpt7V8rsXCavALCtab1wfLOYB5jTNUbbedB8ygRvXRvE2ghkZ43MUTqgtYUcM+fG820slO4W/ztKk4JzluMfbmqXqkx5caE8eOGtYsaRXg5DHLDd6UkIK6Xk3rl/Ox40Afn/wMesxy1iUOa30qCMzhsS/y4XDgTsFj7kznKMIIFbAYJKoZIhvcNAQcBoIIFXQSCBVkwggVVMIIFUQYLKoZIhvcNAQwKAQKgggTuMIIE6jAcBgoqhkiG9w0BDAEDMA4ECA82jCn5I7IgAgIIAASCBMhyPsg0Eq2MhoZ/y8At1fc7lyvvuAJJK6e0diJSdDxPMQDEuRqFe1UseXr3Ap0gp/xwfKwJhLxx+AhO8zxY/6Jv8dFxl09JJbYQZt+HQR+oGVT91DKJ95bnsKwR+7V66q5FE/V0ajeK5mjyWjFN8Ik2fpK6fHpNLq6Dj6zAMg025lb9SBGtoj5fYcRRJGlH3+ljmmnfCHwlcbqHaGi5toPetAoaL9H5WXYsmrzb3EfJhxOYzMM7BXPIZURCAWzhCRldTUNZcnd8gNRWtQi20kn4G8aNAz0Pvxm/xTdm0RwbkXLqS8qjz3zLI7ovH2OcpRCvBVXofDpqFYIvhNotTQ24UNLUU8J3ZhgxKVD1TiKBcNPEaFup6u+LBiDbc6nq/IbCcBYAB9ZUpn/ancAxvep7wVEpTT+aoqxTKTSk/hGNUdFtEhWcAKqMPuwiTXZFz7rprDmEdxKJwjRMFW5vGgc/bLHgLyf5cUz6vE3IqCJwjPldUzJk90QURlhX1WhQZzzCt1yRhx3uThaAEUeKdmNqlrCbyOAjbNJYkXlH0gwl+/J0MOkSuX0DDfc4jqa0zOMl3XHhOarT8v9JjJLuufFTazfaPlrW+HE4t0E06i3S3E5nWozGMIxug+Vhe6Uzbfg/i7rvqdAZnSpwpm/I1dQlTtFHCgtJh/GkMaqIfXxyLy1+PlKQ9I6gyzoJXkgeIaKS/FWyXgyNSKA+/OwyqsD3OrGdNMAQLo1xIx1bxSs+psiVeJvp0OtAhcTJFrSoFokHS9J4LRdAPUzHGvOKccroMOpKoHtRZRTxb+iBhfyGDWwcJpRGvGTBeP0hpp7Xb66gPItICdgv8+Vw+s+QEkKeRvpDUyHoUyYkX6JTaP6HZzoQWBjqbTsumL4T3fQIPlbT65J54DoUT20k+jY5cJetW8SW4qYIwYaIeiSCzBnOJX9ERZVnba9GnV8Sn2WAoOGs9A++2SEMjMLWWFihGiBtYtL0TKiHnQiRdeyJ3MrwRCTntG8WkUAH2zhrDI6F1a82o8kbIWleEU3FCL7cY02lVufd1MsLq5UpFfVkeOFWZrxMkBmgK3nFqWbu00ja2FnD65lyhK7FMEy1tZx44R+zic1PHR6XAgGKiHVrLlk7FSCDlPZJPyN7A4jWfgU6BkU+OY5NFZjpXxMV1WH69SIdEoniZHJLGPff4aIXKPPguAZi+eGsqi9wvGtrGqdvLF0nhO9583HCbOXIyVKgt67VPt3U1M53LKnGjYk/zBZ9hfG3Tnz+8aA761M2j0LeeyjDvII/Zed0WiStnWgolbs0hQiJ6FDAXXmqtVy1FvwsE00Dp1Lj++Mlu+ABFf1W/ECpIjUHIK2of0ob050e2GpkI5N//z0Y+y1ndSGAchESXwOZ0HCs/r3AAM2QWq3K2pUcqT/4YXumV5i5UrL+SbL9QuiQ1AAEeH1LyKe4LzXQo6x+mticJgizT/ZLvicr6QUEO/UVh+fG908AOU0PXRHQoYZTPUkvxPY6kcE8iveM26sUFaXsHpACQJmNGII1l8ui5NexKYsNbZJhCqXtulcPt3G+pRhgcFuy48OT6a+EIFvFSapuFfvOgS8eZcQVnTS1Gbepj//maovF6qt5z+vAT1m+3enKpW4xUDApBgkqhkiG9w0BCRQxHB4aAFQAdQBzAGgAYQByACAASwBhAHQAeQBhAGwwIwYJKoZIhvcNAQkVMRYEFH1AR6iNa1pAw4XSfNA3Vgeok+MsMDAwITAJBgUrDgMCGgUABBSF6ZoGunboUOIqIb/IMp/an0PFmQQIngj2KTsph7ICAQE=', 'btc@1234', 'AIzaSyDvFNoRTZJfrLnxU50wXbPDqjVBXcpQRa8');

INSERT INTO `study_info` (`id`, `custom_id`, `app_info_id`, `name`, `description`, `type`,`created_by`, `created_time`, `updated_time`) VALUES (1, 'StudyID001', 1, 'name', 'description', 'OPEN', 0, '2020-03-12 15:23:41', '2020-03-12 15:24:42'), (2, 'studyId1', 1, 'name', 'description', 'OPEN', 0, '2020-03-12 15:23:41', '2020-03-12 15:24:42'), (3, 'custom-id-2', 1, 'name-2', 'description', 'CLOSED', 0, '2020-03-12 15:23:44', '2020-03-12 15:24:45'), (4, '132', 1, 'name', 'description', 'OPEN', 0, '2020-03-12 15:23:41', '2020-03-12 15:24:42');

INSERT INTO `locations` (`id`, `created_time`, `created_by`, `custom_id`, `description`, `is_default`, `name`, `status`) VALUES (2, '2020-03-17 18:59:15', 1, '-customId130.53', 'location-descp-updated', 'Y', 'name -1-updated000', '1');

INSERT INTO `sites` (`id`, `study_id`, `location_id`, `status`, `target_enrollment`, `name`, `created_time`, `created_by`) VALUES (1, 1, 2, 1, 10, 'test-site', '2020-03-17 20:19:42', 0), (2, 2, 2, 0, 15, 'test-site', '2020-03-12 15:19:38', 0), (3, 2, 2, 1, 45, 'test site', '2020-03-13 15:26:56', 0);

INSERT INTO `user_details` (`id`, `user_id`, `app_info_id`, `email`, `status`, `first_name`, `last_name`, `local_notification_flag`, `remote_notification_flag`,`touch_id`, `use_pass_code`, `verification_time`, `email_code`, `code_expire_time`) VALUES (44, 'kR2g5m2pJPP0P31-WNFYK8Al7jBP0mJ-cTSFJJHJ4DewuCg', 1, 'cdash93@gmail.com', 2, 'test', 'user', 0, 0, 0, 0, '2020-01-30 20:21:28', '1', '2040-07-22 13:02:10'), (45, 'kR2g5m2pJPP0P31-WNFYK8Al7jBP0mJ-cTSFJJHJ4DewuCj', 1, 'abc@xy', 2, 'test', 'user', 0, 0, 0, 0, '2020-01-30 20:21:28', '123code', '2020-07-22 13:02:10'), (46, 'kR2g5m2pJPP0P31-WNFYK8Al7jBP0mJ-cTSFJJHJ4DewuCh', 1, 'abc@gmail.com', 1, 'test', 'user', 0, 0, 0, 0, '2020-01-30 20:21:28', '123code', '2040-07-22 13:02:10'), (47, 'gnDoLZHKy0j27Eo-ap8cnZnvQvp7kBN-qylvroBJV7IssDk', 1, 'abc1234@gmail.com', 4, 'test', 'user', 0, 0, 0, 0, '2020-01-30 20:21:28', '1', '2030-07-22 13:02:10');

INSERT INTO `participant_registry_site` (`id`, `site_id`, `study_info_id`, `email`, `invitation_time`, `onboarding_status`, `enrollment_token`, `enrollment_token_expiry`, `created_time`, `created_by`, `invitation_count`) VALUES (33, 1, 1, 'abc@gmail.com', '2020-02-07 20:37:25', 'I', 'dsgdsfgag', '2020-02-09 18:42:32', '2020-02-09 18:42:32', 2, 0), (34, 1, 1, 'xyz@gf.com', '2020-02-07 20:38:36', 'N', 'dfdsg', '2020-02-09 18:42:34', '2020-02-09 18:42:32', 3, 0), (35, 1, 1, 'pqr@gf.com', '2020-02-07 20:38:36', 'D', 'dfdsgr', '2020-02-09 18:42:34', '2020-02-09 18:42:32', 3, 0);

INSERT INTO `participant_study_info` (`id`, `participant_id`, `study_info_id`, `participant_registry_site_id`, `site_id`, `user_details_id`, `status`, `bookmark`, `enrolled_time`, `completion`, `adherence`, `withdrawal_time`) VALUES (101, '1', 2, 33, 1, 44, 'yetToJoin', 1, '2020-02-06 14:07:29', 45, 20, '2020-02-10 14:03:14'), (102, '2', 1, 34, 1, 44, 'Enrolled', 0, '2020-02-06 14:07:31', 50, 36, '2020-02-06 14:07:31'), (103, '3', 4, 33, 1, 44, 'withdrawn', 1, '2020-02-06 14:07:29', 45, 20, '2020-02-10 14:03:14'), (104, '4', 2, 33, 1, 47, 'yetToJoin', 1, '2020-02-06 14:07:29', 45, 20, '2020-02-10 14:03:14');

INSERT INTO `auth_info` (`id`, `app_info_id`, `created_time`, `device_token`, `device_type`, `ios_app_version`, `updated_time`, `remote_notification_flag`, `user_details_id`) VALUES (222, 1, '2020-03-22 17:12:23', '7B3F1433E1157D370EE8A6BA2E612B27EC2C0081771FC8BA1ECFCBB07BBA5A17', 'ios', '1.0.1', '2020-03-27 11:28:58', 1, 44), (223, 1, '2020-03-22 17:12:23', 'd3FncrcvPbw:APA91bHYlhS69KhhxIx8uoD152GT6JdfzF-bpmJiS04E9wVJapS5ELJwhwthRlDKPHR3OrAEap13-TxLc5EIc4OGME1iDRi04W3LYRtYkCdPQ76h5rTj1RTVT7q4SMASMVozESR2-gZl', 'android', '', '2020-03-27 11:28:58', 1, 44);

INSERT INTO `user_app_details` (`id`, `app_info_id`, `created_time`, `user_details_id`) VALUES (20, 1, '2020-03-21 08:49:38', 44);

INSERT INTO `ur_admin_user` (`id`, `created_time`, `email`, `first_name`, `last_name`, `super_admin`) VALUES ('1', '2020-08-05 18:51:37', 'mock@gmail.com', 'test', 'user', '0');

INSERT INTO `app_permissions` (`id`, `created_time`, `created_by`, `edit`, `app_info_id`, `ur_admin_user_id`) VALUES ('1', '2020-08-05 18:42:42', '0','1', '1', '1');

INSERT INTO `study_permissions` (`id`, `created_time`, `created_by`, `edit`, `app_info_id`, `study_id`, `ur_admin_user_id`) VALUES ('1', '2020-08-05 18:43:33', '0', '1', '1', '1', '1');

INSERT INTO `sites_permissions` (`id`, `created_time`, `created_by`, `edit`, `app_info_id`, `study_id`, `site_id`, `ur_admin_user_id`) VALUES ('1', '2020-08-05 18:43:33', '0', '1', '1', '1', '1');